{"cameraMode":{"drawMode":0,"name":"Shaded","section":"Shading Mode"},"sceneLighting":false,"audioPlay":false,"sceneViewState":{"m_AlwaysRefresh":false,"showFog":true,"showSkybox":false,"showFlares":true,"showImageEffects":true,"showParticleSystems":true,"showVisualEffectGraphs":true,"m_FxEnabled":true},"in2DMode":false,"pivot":{"x":0.9549999237060547,"y":0.5799999237060547,"z":-0.10499954223632813},"rotation":{"x":0.08882691711187363,"y":0.6808984279632568,"z":-0.08376584947109223,"w":0.7221554517745972},"size":7.493147373199463,"orthographic":false}