{"cameraMode":{"drawMode":0,"name":"Shaded","section":"Shading Mode"},"sceneLighting":false,"audioPlay":false,"sceneViewState":{"m_AlwaysRefresh":false,"showFog":false,"showSkybox":false,"showFlares":false,"showImageEffects":false,"showParticleSystems":false,"showVisualEffectGraphs":true,"m_FxEnabled":true},"in2DMode":false,"pivot":{"x":0.0012475550174713135,"y":0.8641424179077148,"z":-0.03311532735824585},"rotation":{"x":-0.023700639605522157,"y":0.9627355933189392,"z":-0.25404706597328188,"w":-0.08979275077581406},"size":1.1560460329055787,"orthographic":false}