{"cameraMode":{"drawMode":0,"name":"Shaded","section":"Shading Mode"},"sceneLighting":true,"audioPlay":false,"sceneViewState":{"m_AlwaysRefresh":false,"showFog":true,"showSkybox":true,"showFlares":true,"showImageEffects":true,"showParticleSystems":true,"showVisualEffectGraphs":true,"m_FxEnabled":true},"in2DMode":false,"pivot":{"x":0.42818453907966616,"y":0.03108125552535057,"z":0.08713439106941223},"rotation":{"x":0.08882691711187363,"y":0.6808984279632568,"z":-0.08376584947109223,"w":0.7221554517745972},"size":1.0466240644454957,"orthographic":false}